Method,Job,AnalyzeLaunchVariance,EvaluateOverhead,MaxAbsoluteError,MaxRelativeError,MinInvokeCount,MinIterationTime,OutlierMode,Affinity,EnvironmentVariables,Jit,Platform,PowerPlanMode,Runtime,AllowVeryLargeObjects,Concurrent,CpuGroups,Force,HeapAffinitizeMask,HeapCount,NoAffinitize,RetainVm,Server,Arguments,BuildConfiguration,Clock,EngineFactory,NuGetReferences,Toolchain,IsMutator,InvocationCount,IterationCount,IterationTime,LaunchCount,MaxIterationCount,MaxWarmupIterationCount,MinIterationCount,MinWarmupIterationCount,RunStrategy,UnrollFactor,WarmupCount,N,K,Mean,Error,StdDev,StdErr,Min,Q1,Median,Q3,Max,Op/s,Ratio,RatioSD,Gen 0,Gen 1,Gen 2,Allocated,Code Size
NotAlignedOut,.NET 4.6.1,False,Default,Default,Default,Default,Default,Default,111111111111,Empty,RyuJit,X64,8c5e7fda-e8bf-4a96-9a85-a6e23a8c635c,.NET 4.6.1,False,True,False,True,Default,Default,False,False,False,Default,Default,Default,Default,Default,Default,Default,1,Default,Default,Default,Default,Default,Default,Default,Default,16,Default,4,1.5,19.282 ns,0.1109 ns,0.1037 ns,0.0268 ns,19.103 ns,19.207 ns,19.304 ns,19.357 ns,19.439 ns,"51,861,884.8",4.34,0.04,0.0000,0.0000,0.0000,0 B,587 B
AlignedOut,.NET 4.6.1,False,Default,Default,Default,Default,Default,Default,111111111111,Empty,RyuJit,X64,8c5e7fda-e8bf-4a96-9a85-a6e23a8c635c,.NET 4.6.1,False,True,False,True,Default,Default,False,False,False,Default,Default,Default,Default,Default,Default,Default,1,Default,Default,Default,Default,Default,Default,Default,Default,16,Default,4,1.5,14.760 ns,0.0612 ns,0.0573 ns,0.0148 ns,14.640 ns,14.729 ns,14.753 ns,14.798 ns,14.864 ns,"67,752,031.3",3.32,0.03,0.0000,0.0000,0.0000,0 B,342 B
SpansOut,.NET 4.6.1,False,Default,Default,Default,Default,Default,Default,111111111111,Empty,RyuJit,X64,8c5e7fda-e8bf-4a96-9a85-a6e23a8c635c,.NET 4.6.1,False,True,False,True,Default,Default,False,False,False,Default,Default,Default,Default,Default,Default,Default,1,Default,Default,Default,Default,Default,Default,Default,Default,16,Default,4,1.5,23.484 ns,0.0528 ns,0.0494 ns,0.0128 ns,23.377 ns,23.456 ns,23.499 ns,23.520 ns,23.551 ns,"42,581,305.4",5.29,0.04,0.0000,0.0000,0.0000,0 B,533 B
ScalarOut,.NET 4.6.1,False,Default,Default,Default,Default,Default,Default,111111111111,Empty,RyuJit,X64,8c5e7fda-e8bf-4a96-9a85-a6e23a8c635c,.NET 4.6.1,False,True,False,True,Default,Default,False,False,False,Default,Default,Default,Default,Default,Default,Default,1,Default,Default,Default,Default,Default,Default,Default,Default,16,Default,4,1.5,31.229 ns,0.0917 ns,0.0858 ns,0.0221 ns,31.067 ns,31.185 ns,31.261 ns,31.289 ns,31.373 ns,"32,021,958.2",7.03,0.05,0.0000,0.0000,0.0000,0 B,435 B
AlignedIn,.NET 4.6.1,False,Default,Default,Default,Default,Default,Default,111111111111,Empty,RyuJit,X64,8c5e7fda-e8bf-4a96-9a85-a6e23a8c635c,.NET 4.6.1,False,True,False,True,Default,Default,False,False,False,Default,Default,Default,Default,Default,Default,Default,1,Default,Default,Default,Default,Default,Default,Default,Default,16,Default,4,1.5,14.121 ns,0.0501 ns,0.0444 ns,0.0119 ns,14.037 ns,14.100 ns,14.124 ns,14.158 ns,14.179 ns,"70,817,478.2",3.18,0.02,0.0000,0.0000,0.0000,0 B,374 B
NotAlignedOut,.NET Core 2.1,False,Default,Default,Default,Default,Default,Default,111111111111,Empty,RyuJit,X64,8c5e7fda-e8bf-4a96-9a85-a6e23a8c635c,.NET Core 2.1,False,True,False,True,Default,Default,False,False,False,Default,Default,Default,Default,Default,Default,Default,1,Default,Default,Default,Default,Default,Default,Default,Default,16,Default,4,1.5,4.511 ns,0.0258 ns,0.0229 ns,0.0061 ns,4.469 ns,4.506 ns,4.511 ns,4.529 ns,4.542 ns,"221,675,681.7",1.02,0.01,0.0000,0.0000,0.0000,0 B,469 B
AlignedOut,.NET Core 2.1,False,Default,Default,Default,Default,Default,Default,111111111111,Empty,RyuJit,X64,8c5e7fda-e8bf-4a96-9a85-a6e23a8c635c,.NET Core 2.1,False,True,False,True,Default,Default,False,False,False,Default,Default,Default,Default,Default,Default,Default,1,Default,Default,Default,Default,Default,Default,Default,Default,16,Default,4,1.5,3.601 ns,0.0157 ns,0.0147 ns,0.0038 ns,3.566 ns,3.596 ns,3.601 ns,3.611 ns,3.620 ns,"277,732,537.9",0.81,0.01,0.0000,0.0000,0.0000,0 B,225 B
SpansOut,.NET Core 2.1,False,Default,Default,Default,Default,Default,Default,111111111111,Empty,RyuJit,X64,8c5e7fda-e8bf-4a96-9a85-a6e23a8c635c,.NET Core 2.1,False,True,False,True,Default,Default,False,False,False,Default,Default,Default,Default,Default,Default,Default,1,Default,Default,Default,Default,Default,Default,Default,Default,16,Default,4,1.5,4.345 ns,0.0334 ns,0.0313 ns,0.0081 ns,4.291 ns,4.321 ns,4.350 ns,4.370 ns,4.393 ns,"230,146,951.1",0.98,0.01,0.0000,0.0000,0.0000,0 B,284 B
ScalarOut,.NET Core 2.1,False,Default,Default,Default,Default,Default,Default,111111111111,Empty,RyuJit,X64,8c5e7fda-e8bf-4a96-9a85-a6e23a8c635c,.NET Core 2.1,False,True,False,True,Default,Default,False,False,False,Default,Default,Default,Default,Default,Default,Default,1,Default,Default,Default,Default,Default,Default,Default,Default,16,Default,4,1.5,5.770 ns,0.0210 ns,0.0197 ns,0.0051 ns,5.747 ns,5.755 ns,5.761 ns,5.785 ns,5.803 ns,"173,313,298.1",1.30,0.01,0.0000,0.0000,0.0000,0 B,356 B
AlignedIn,.NET Core 2.1,False,Default,Default,Default,Default,Default,Default,111111111111,Empty,RyuJit,X64,8c5e7fda-e8bf-4a96-9a85-a6e23a8c635c,.NET Core 2.1,False,True,False,True,Default,Default,False,False,False,Default,Default,Default,Default,Default,Default,Default,1,Default,Default,Default,Default,Default,Default,Default,Default,16,Default,4,1.5,2.750 ns,0.0148 ns,0.0132 ns,0.0035 ns,2.724 ns,2.742 ns,2.751 ns,2.755 ns,2.777 ns,"363,678,663.8",0.62,0.01,0.0000,0.0000,0.0000,0 B,197 B
NotAlignedOut,.NET Core 3.1,False,Default,Default,Default,Default,Default,Default,111111111111,Empty,RyuJit,X64,8c5e7fda-e8bf-4a96-9a85-a6e23a8c635c,.NET Core 3.1,False,True,False,True,Default,Default,False,False,False,Default,Default,Default,Default,Default,Default,Default,1,Default,Default,Default,Default,Default,Default,Default,Default,16,Default,4,1.5,4.441 ns,0.0360 ns,0.0319 ns,0.0085 ns,4.399 ns,4.419 ns,4.438 ns,4.457 ns,4.515 ns,"225,152,958.3",1.00,0.00,0.0000,0.0000,0.0000,0 B,457 B
AlignedOut,.NET Core 3.1,False,Default,Default,Default,Default,Default,Default,111111111111,Empty,RyuJit,X64,8c5e7fda-e8bf-4a96-9a85-a6e23a8c635c,.NET Core 3.1,False,True,False,True,Default,Default,False,False,False,Default,Default,Default,Default,Default,Default,Default,1,Default,Default,Default,Default,Default,Default,Default,Default,16,Default,4,1.5,3.292 ns,0.0172 ns,0.0161 ns,0.0041 ns,3.265 ns,3.282 ns,3.291 ns,3.302 ns,3.325 ns,"303,749,791.5",0.74,0.01,0.0000,0.0000,0.0000,0 B,220 B
SpansOut,.NET Core 3.1,False,Default,Default,Default,Default,Default,Default,111111111111,Empty,RyuJit,X64,8c5e7fda-e8bf-4a96-9a85-a6e23a8c635c,.NET Core 3.1,False,True,False,True,Default,Default,False,False,False,Default,Default,Default,Default,Default,Default,Default,1,Default,Default,Default,Default,Default,Default,Default,Default,16,Default,4,1.5,3.274 ns,0.0261 ns,0.0218 ns,0.0060 ns,3.248 ns,3.258 ns,3.264 ns,3.285 ns,3.311 ns,"305,463,860.3",0.74,0.01,0.0000,0.0000,0.0000,0 B,277 B
ScalarOut,.NET Core 3.1,False,Default,Default,Default,Default,Default,Default,111111111111,Empty,RyuJit,X64,8c5e7fda-e8bf-4a96-9a85-a6e23a8c635c,.NET Core 3.1,False,True,False,True,Default,Default,False,False,False,Default,Default,Default,Default,Default,Default,Default,1,Default,Default,Default,Default,Default,Default,Default,Default,16,Default,4,1.5,4.079 ns,0.0391 ns,0.0347 ns,0.0093 ns,4.028 ns,4.058 ns,4.071 ns,4.095 ns,4.162 ns,"245,155,279.5",0.92,0.01,0.0000,0.0000,0.0000,0 B,220 B
AlignedIn,.NET Core 3.1,False,Default,Default,Default,Default,Default,Default,111111111111,Empty,RyuJit,X64,8c5e7fda-e8bf-4a96-9a85-a6e23a8c635c,.NET Core 3.1,False,True,False,True,Default,Default,False,False,False,Default,Default,Default,Default,Default,Default,Default,1,Default,Default,Default,Default,Default,Default,Default,Default,16,Default,4,1.5,2.403 ns,0.0145 ns,0.0135 ns,0.0035 ns,2.377 ns,2.398 ns,2.400 ns,2.413 ns,2.424 ns,"416,115,399.3",0.54,0.00,0.0000,0.0000,0.0000,0 B,190 B
NotAlignedOut,.NET 4.6.1,False,Default,Default,Default,Default,Default,Default,111111111111,Empty,RyuJit,X64,8c5e7fda-e8bf-4a96-9a85-a6e23a8c635c,.NET 4.6.1,False,True,False,True,Default,Default,False,False,False,Default,Default,Default,Default,Default,Default,Default,1,Default,Default,Default,Default,Default,Default,Default,Default,16,Default,100,1.5,56.981 ns,0.2908 ns,0.2720 ns,0.0702 ns,56.541 ns,56.774 ns,57.063 ns,57.214 ns,57.355 ns,"17,549,811.3",1.32,0.01,0.0000,0.0000,0.0000,0 B,587 B
AlignedOut,.NET 4.6.1,False,Default,Default,Default,Default,Default,Default,111111111111,Empty,RyuJit,X64,8c5e7fda-e8bf-4a96-9a85-a6e23a8c635c,.NET 4.6.1,False,True,False,True,Default,Default,False,False,False,Default,Default,Default,Default,Default,Default,Default,1,Default,Default,Default,Default,Default,Default,Default,Default,16,Default,100,1.5,57.830 ns,0.2145 ns,0.2007 ns,0.0518 ns,57.480 ns,57.667 ns,57.787 ns,57.966 ns,58.174 ns,"17,291,952.2",1.34,0.01,0.0000,0.0000,0.0000,0 B,342 B
SpansOut,.NET 4.6.1,False,Default,Default,Default,Default,Default,Default,111111111111,Empty,RyuJit,X64,8c5e7fda-e8bf-4a96-9a85-a6e23a8c635c,.NET 4.6.1,False,True,False,True,Default,Default,False,False,False,Default,Default,Default,Default,Default,Default,Default,1,Default,Default,Default,Default,Default,Default,Default,Default,16,Default,100,1.5,97.196 ns,0.4836 ns,0.4287 ns,0.1146 ns,96.490 ns,96.928 ns,97.186 ns,97.481 ns,97.972 ns,"10,288,502.3",2.25,0.02,0.0000,0.0000,0.0000,0 B,533 B
ScalarOut,.NET 4.6.1,False,Default,Default,Default,Default,Default,Default,111111111111,Empty,RyuJit,X64,8c5e7fda-e8bf-4a96-9a85-a6e23a8c635c,.NET 4.6.1,False,True,False,True,Default,Default,False,False,False,Default,Default,Default,Default,Default,Default,Default,1,Default,Default,Default,Default,Default,Default,Default,Default,16,Default,100,1.5,360.188 ns,0.7583 ns,0.6723 ns,0.1797 ns,359.341 ns,359.667 ns,360.091 ns,360.466 ns,361.765 ns,"2,776,325.7",8.33,0.04,0.0000,0.0000,0.0000,0 B,435 B
AlignedIn,.NET 4.6.1,False,Default,Default,Default,Default,Default,Default,111111111111,Empty,RyuJit,X64,8c5e7fda-e8bf-4a96-9a85-a6e23a8c635c,.NET 4.6.1,False,True,False,True,Default,Default,False,False,False,Default,Default,Default,Default,Default,Default,Default,1,Default,Default,Default,Default,Default,Default,Default,Default,16,Default,100,1.5,67.726 ns,0.3439 ns,0.3217 ns,0.0831 ns,67.246 ns,67.468 ns,67.725 ns,67.880 ns,68.332 ns,"14,765,360.3",1.57,0.01,0.0000,0.0000,0.0000,0 B,374 B
NotAlignedOut,.NET Core 2.1,False,Default,Default,Default,Default,Default,Default,111111111111,Empty,RyuJit,X64,8c5e7fda-e8bf-4a96-9a85-a6e23a8c635c,.NET Core 2.1,False,True,False,True,Default,Default,False,False,False,Default,Default,Default,Default,Default,Default,Default,1,Default,Default,Default,Default,Default,Default,Default,Default,16,Default,100,1.5,43.488 ns,0.1537 ns,0.1283 ns,0.0356 ns,43.211 ns,43.438 ns,43.494 ns,43.575 ns,43.704 ns,"22,994,832.7",1.01,0.01,0.0000,0.0000,0.0000,0 B,469 B
AlignedOut,.NET Core 2.1,False,Default,Default,Default,Default,Default,Default,111111111111,Empty,RyuJit,X64,8c5e7fda-e8bf-4a96-9a85-a6e23a8c635c,.NET Core 2.1,False,True,False,True,Default,Default,False,False,False,Default,Default,Default,Default,Default,Default,Default,1,Default,Default,Default,Default,Default,Default,Default,Default,16,Default,100,1.5,42.395 ns,0.0877 ns,0.0778 ns,0.0208 ns,42.258 ns,42.342 ns,42.413 ns,42.445 ns,42.541 ns,"23,587,646.0",0.98,0.01,0.0000,0.0000,0.0000,0 B,225 B
SpansOut,.NET Core 2.1,False,Default,Default,Default,Default,Default,Default,111111111111,Empty,RyuJit,X64,8c5e7fda-e8bf-4a96-9a85-a6e23a8c635c,.NET Core 2.1,False,True,False,True,Default,Default,False,False,False,Default,Default,Default,Default,Default,Default,Default,1,Default,Default,Default,Default,Default,Default,Default,Default,16,Default,100,1.5,37.771 ns,0.1234 ns,0.1154 ns,0.0298 ns,37.493 ns,37.699 ns,37.772 ns,37.857 ns,37.919 ns,"26,475,624.5",0.87,0.00,0.0000,0.0000,0.0000,0 B,284 B
ScalarOut,.NET Core 2.1,False,Default,Default,Default,Default,Default,Default,111111111111,Empty,RyuJit,X64,8c5e7fda-e8bf-4a96-9a85-a6e23a8c635c,.NET Core 2.1,False,True,False,True,Default,Default,False,False,False,Default,Default,Default,Default,Default,Default,Default,1,Default,Default,Default,Default,Default,Default,Default,Default,16,Default,100,1.5,83.752 ns,0.2912 ns,0.2582 ns,0.0690 ns,83.397 ns,83.511 ns,83.774 ns,83.816 ns,84.284 ns,"11,939,997.4",1.94,0.01,0.0000,0.0000,0.0000,0 B,356 B
AlignedIn,.NET Core 2.1,False,Default,Default,Default,Default,Default,Default,111111111111,Empty,RyuJit,X64,8c5e7fda-e8bf-4a96-9a85-a6e23a8c635c,.NET Core 2.1,False,True,False,True,Default,Default,False,False,False,Default,Default,Default,Default,Default,Default,Default,1,Default,Default,Default,Default,Default,Default,Default,Default,16,Default,100,1.5,25.735 ns,0.0833 ns,0.0779 ns,0.0201 ns,25.625 ns,25.675 ns,25.725 ns,25.774 ns,25.881 ns,"38,857,817.7",0.59,0.00,0.0000,0.0000,0.0000,0 B,197 B
NotAlignedOut,.NET Core 3.1,False,Default,Default,Default,Default,Default,Default,111111111111,Empty,RyuJit,X64,8c5e7fda-e8bf-4a96-9a85-a6e23a8c635c,.NET Core 3.1,False,True,False,True,Default,Default,False,False,False,Default,Default,Default,Default,Default,Default,Default,1,Default,Default,Default,Default,Default,Default,Default,Default,16,Default,100,1.5,43.257 ns,0.2579 ns,0.2286 ns,0.0611 ns,42.994 ns,43.059 ns,43.174 ns,43.378 ns,43.664 ns,"23,117,454.9",1.00,0.00,0.0000,0.0000,0.0000,0 B,457 B
AlignedOut,.NET Core 3.1,False,Default,Default,Default,Default,Default,Default,111111111111,Empty,RyuJit,X64,8c5e7fda-e8bf-4a96-9a85-a6e23a8c635c,.NET Core 3.1,False,True,False,True,Default,Default,False,False,False,Default,Default,Default,Default,Default,Default,Default,1,Default,Default,Default,Default,Default,Default,Default,Default,16,Default,100,1.5,42.359 ns,0.1545 ns,0.1446 ns,0.0373 ns,42.097 ns,42.268 ns,42.424 ns,42.458 ns,42.589 ns,"23,607,542.1",0.98,0.01,0.0000,0.0000,0.0000,0 B,220 B
SpansOut,.NET Core 3.1,False,Default,Default,Default,Default,Default,Default,111111111111,Empty,RyuJit,X64,8c5e7fda-e8bf-4a96-9a85-a6e23a8c635c,.NET Core 3.1,False,True,False,True,Default,Default,False,False,False,Default,Default,Default,Default,Default,Default,Default,1,Default,Default,Default,Default,Default,Default,Default,Default,16,Default,100,1.5,24.400 ns,0.1006 ns,0.0892 ns,0.0238 ns,24.232 ns,24.336 ns,24.399 ns,24.431 ns,24.565 ns,"40,983,116.3",0.56,0.00,0.0000,0.0000,0.0000,0 B,277 B
ScalarOut,.NET Core 3.1,False,Default,Default,Default,Default,Default,Default,111111111111,Empty,RyuJit,X64,8c5e7fda-e8bf-4a96-9a85-a6e23a8c635c,.NET Core 3.1,False,True,False,True,Default,Default,False,False,False,Default,Default,Default,Default,Default,Default,Default,1,Default,Default,Default,Default,Default,Default,Default,Default,16,Default,100,1.5,48.661 ns,0.1341 ns,0.1254 ns,0.0324 ns,48.490 ns,48.555 ns,48.670 ns,48.753 ns,48.879 ns,"20,550,151.8",1.12,0.01,0.0000,0.0000,0.0000,0 B,220 B
AlignedIn,.NET Core 3.1,False,Default,Default,Default,Default,Default,Default,111111111111,Empty,RyuJit,X64,8c5e7fda-e8bf-4a96-9a85-a6e23a8c635c,.NET Core 3.1,False,True,False,True,Default,Default,False,False,False,Default,Default,Default,Default,Default,Default,Default,1,Default,Default,Default,Default,Default,Default,Default,Default,16,Default,100,1.5,28.383 ns,0.1002 ns,0.0937 ns,0.0242 ns,28.262 ns,28.297 ns,28.370 ns,28.487 ns,28.522 ns,"35,231,761.7",0.66,0.00,0.0000,0.0000,0.0000,0 B,190 B
NotAlignedOut,.NET 4.6.1,False,Default,Default,Default,Default,Default,Default,111111111111,Empty,RyuJit,X64,8c5e7fda-e8bf-4a96-9a85-a6e23a8c635c,.NET 4.6.1,False,True,False,True,Default,Default,False,False,False,Default,Default,Default,Default,Default,Default,Default,1,Default,Default,Default,Default,Default,Default,Default,Default,16,Default,103,1.5,59.224 ns,0.3310 ns,0.3096 ns,0.0799 ns,58.742 ns,59.003 ns,59.312 ns,59.420 ns,59.697 ns,"16,884,959.1",1.22,0.01,0.0000,0.0000,0.0000,0 B,587 B
AlignedOut,.NET 4.6.1,False,Default,Default,Default,Default,Default,Default,111111111111,Empty,RyuJit,X64,8c5e7fda-e8bf-4a96-9a85-a6e23a8c635c,.NET 4.6.1,False,True,False,True,Default,Default,False,False,False,Default,Default,Default,Default,Default,Default,Default,1,Default,Default,Default,Default,Default,Default,Default,Default,16,Default,103,1.5,59.440 ns,0.2222 ns,0.2079 ns,0.0537 ns,59.106 ns,59.288 ns,59.417 ns,59.558 ns,59.826 ns,"16,823,582.7",1.22,0.01,0.0000,0.0000,0.0000,0 B,342 B
SpansOut,.NET 4.6.1,False,Default,Default,Default,Default,Default,Default,111111111111,Empty,RyuJit,X64,8c5e7fda-e8bf-4a96-9a85-a6e23a8c635c,.NET 4.6.1,False,True,False,True,Default,Default,False,False,False,Default,Default,Default,Default,Default,Default,Default,1,Default,Default,Default,Default,Default,Default,Default,Default,16,Default,103,1.5,99.154 ns,0.5216 ns,0.4880 ns,0.1260 ns,98.289 ns,98.849 ns,99.240 ns,99.425 ns,100.229 ns,"10,085,277.6",2.04,0.02,0.0000,0.0000,0.0000,0 B,533 B
ScalarOut,.NET 4.6.1,False,Default,Default,Default,Default,Default,Default,111111111111,Empty,RyuJit,X64,8c5e7fda-e8bf-4a96-9a85-a6e23a8c635c,.NET 4.6.1,False,True,False,True,Default,Default,False,False,False,Default,Default,Default,Default,Default,Default,Default,1,Default,Default,Default,Default,Default,Default,Default,Default,16,Default,103,1.5,114.303 ns,0.1892 ns,0.1677 ns,0.0448 ns,113.971 ns,114.215 ns,114.354 ns,114.389 ns,114.613 ns,"8,748,651.6",2.35,0.02,0.0000,0.0000,0.0000,0 B,435 B
AlignedIn,.NET 4.6.1,False,Default,Default,Default,Default,Default,Default,111111111111,Empty,RyuJit,X64,8c5e7fda-e8bf-4a96-9a85-a6e23a8c635c,.NET 4.6.1,False,True,False,True,Default,Default,False,False,False,Default,Default,Default,Default,Default,Default,Default,1,Default,Default,Default,Default,Default,Default,Default,Default,16,Default,103,1.5,68.793 ns,0.3567 ns,0.3162 ns,0.0845 ns,68.290 ns,68.517 ns,68.927 ns,69.057 ns,69.183 ns,"14,536,344.3",1.42,0.01,0.0000,0.0000,0.0000,0 B,374 B
NotAlignedOut,.NET Core 2.1,False,Default,Default,Default,Default,Default,Default,111111111111,Empty,RyuJit,X64,8c5e7fda-e8bf-4a96-9a85-a6e23a8c635c,.NET Core 2.1,False,True,False,True,Default,Default,False,False,False,Default,Default,Default,Default,Default,Default,Default,1,Default,Default,Default,Default,Default,Default,Default,Default,16,Default,103,1.5,46.539 ns,0.1671 ns,0.1563 ns,0.0403 ns,46.351 ns,46.419 ns,46.489 ns,46.625 ns,46.845 ns,"21,487,351.8",0.96,0.01,0.0000,0.0000,0.0000,0 B,469 B
AlignedOut,.NET Core 2.1,False,Default,Default,Default,Default,Default,Default,111111111111,Empty,RyuJit,X64,8c5e7fda-e8bf-4a96-9a85-a6e23a8c635c,.NET Core 2.1,False,True,False,True,Default,Default,False,False,False,Default,Default,Default,Default,Default,Default,Default,1,Default,Default,Default,Default,Default,Default,Default,Default,16,Default,103,1.5,44.026 ns,0.1173 ns,0.1098 ns,0.0283 ns,43.792 ns,43.966 ns,44.034 ns,44.112 ns,44.171 ns,"22,713,885.9",0.91,0.01,0.0000,0.0000,0.0000,0 B,225 B
SpansOut,.NET Core 2.1,False,Default,Default,Default,Default,Default,Default,111111111111,Empty,RyuJit,X64,8c5e7fda-e8bf-4a96-9a85-a6e23a8c635c,.NET Core 2.1,False,True,False,True,Default,Default,False,False,False,Default,Default,Default,Default,Default,Default,Default,1,Default,Default,Default,Default,Default,Default,Default,Default,16,Default,103,1.5,39.183 ns,0.1489 ns,0.1392 ns,0.0360 ns,38.959 ns,39.074 ns,39.193 ns,39.292 ns,39.391 ns,"25,521,300.2",0.81,0.01,0.0000,0.0000,0.0000,0 B,284 B
ScalarOut,.NET Core 2.1,False,Default,Default,Default,Default,Default,Default,111111111111,Empty,RyuJit,X64,8c5e7fda-e8bf-4a96-9a85-a6e23a8c635c,.NET Core 2.1,False,True,False,True,Default,Default,False,False,False,Default,Default,Default,Default,Default,Default,Default,1,Default,Default,Default,Default,Default,Default,Default,Default,16,Default,103,1.5,86.839 ns,0.2375 ns,0.2222 ns,0.0574 ns,86.521 ns,86.656 ns,86.856 ns,86.947 ns,87.274 ns,"11,515,570.8",1.79,0.02,0.0000,0.0000,0.0000,0 B,356 B
AlignedIn,.NET Core 2.1,False,Default,Default,Default,Default,Default,Default,111111111111,Empty,RyuJit,X64,8c5e7fda-e8bf-4a96-9a85-a6e23a8c635c,.NET Core 2.1,False,True,False,True,Default,Default,False,False,False,Default,Default,Default,Default,Default,Default,Default,1,Default,Default,Default,Default,Default,Default,Default,Default,16,Default,103,1.5,30.448 ns,0.6159 ns,0.7332 ns,0.1600 ns,29.312 ns,30.046 ns,30.258 ns,30.911 ns,32.238 ns,"32,842,413.3",0.63,0.02,0.0000,0.0000,0.0000,0 B,197 B
NotAlignedOut,.NET Core 3.1,False,Default,Default,Default,Default,Default,Default,111111111111,Empty,RyuJit,X64,8c5e7fda-e8bf-4a96-9a85-a6e23a8c635c,.NET Core 3.1,False,True,False,True,Default,Default,False,False,False,Default,Default,Default,Default,Default,Default,Default,1,Default,Default,Default,Default,Default,Default,Default,Default,16,Default,103,1.5,48.619 ns,0.4356 ns,0.4075 ns,0.1052 ns,48.006 ns,48.270 ns,48.627 ns,48.953 ns,49.201 ns,"20,567,887.9",1.00,0.00,0.0000,0.0000,0.0000,0 B,457 B
AlignedOut,.NET Core 3.1,False,Default,Default,Default,Default,Default,Default,111111111111,Empty,RyuJit,X64,8c5e7fda-e8bf-4a96-9a85-a6e23a8c635c,.NET Core 3.1,False,True,False,True,Default,Default,False,False,False,Default,Default,Default,Default,Default,Default,Default,1,Default,Default,Default,Default,Default,Default,Default,Default,16,Default,103,1.5,43.979 ns,0.1127 ns,0.0999 ns,0.0267 ns,43.833 ns,43.902 ns,43.977 ns,44.026 ns,44.178 ns,"22,738,113.9",0.90,0.01,0.0000,0.0000,0.0000,0 B,220 B
SpansOut,.NET Core 3.1,False,Default,Default,Default,Default,Default,Default,111111111111,Empty,RyuJit,X64,8c5e7fda-e8bf-4a96-9a85-a6e23a8c635c,.NET Core 3.1,False,True,False,True,Default,Default,False,False,False,Default,Default,Default,Default,Default,Default,Default,1,Default,Default,Default,Default,Default,Default,Default,Default,16,Default,103,1.5,25.564 ns,0.1149 ns,0.1018 ns,0.0272 ns,25.374 ns,25.510 ns,25.581 ns,25.630 ns,25.746 ns,"39,118,249.7",0.53,0.01,0.0000,0.0000,0.0000,0 B,277 B
ScalarOut,.NET Core 3.1,False,Default,Default,Default,Default,Default,Default,111111111111,Empty,RyuJit,X64,8c5e7fda-e8bf-4a96-9a85-a6e23a8c635c,.NET Core 3.1,False,True,False,True,Default,Default,False,False,False,Default,Default,Default,Default,Default,Default,Default,1,Default,Default,Default,Default,Default,Default,Default,Default,16,Default,103,1.5,31.186 ns,0.0970 ns,0.0908 ns,0.0234 ns,31.062 ns,31.127 ns,31.165 ns,31.264 ns,31.324 ns,"32,065,816.7",0.64,0.01,0.0000,0.0000,0.0000,0 B,220 B
AlignedIn,.NET Core 3.1,False,Default,Default,Default,Default,Default,Default,111111111111,Empty,RyuJit,X64,8c5e7fda-e8bf-4a96-9a85-a6e23a8c635c,.NET Core 3.1,False,True,False,True,Default,Default,False,False,False,Default,Default,Default,Default,Default,Default,Default,1,Default,Default,Default,Default,Default,Default,Default,Default,16,Default,103,1.5,24.913 ns,0.0782 ns,0.0731 ns,0.0189 ns,24.784 ns,24.858 ns,24.924 ns,24.958 ns,25.028 ns,"40,138,989.4",0.51,0.00,0.0000,0.0000,0.0000,0 B,190 B
NotAlignedOut,.NET 4.6.1,False,Default,Default,Default,Default,Default,Default,111111111111,Empty,RyuJit,X64,8c5e7fda-e8bf-4a96-9a85-a6e23a8c635c,.NET 4.6.1,False,True,False,True,Default,Default,False,False,False,Default,Default,Default,Default,Default,Default,Default,1,Default,Default,Default,Default,Default,Default,Default,Default,16,Default,1003,1.5,447.907 ns,1.3769 ns,1.1498 ns,0.3189 ns,446.433 ns,447.074 ns,447.603 ns,448.137 ns,450.719 ns,"2,232,604.5",1.07,0.00,0.0000,0.0000,0.0000,0 B,587 B
AlignedOut,.NET 4.6.1,False,Default,Default,Default,Default,Default,Default,111111111111,Empty,RyuJit,X64,8c5e7fda-e8bf-4a96-9a85-a6e23a8c635c,.NET 4.6.1,False,True,False,True,Default,Default,False,False,False,Default,Default,Default,Default,Default,Default,Default,1,Default,Default,Default,Default,Default,Default,Default,Default,16,Default,1003,1.5,462.937 ns,0.5800 ns,0.5142 ns,0.1374 ns,461.491 ns,462.776 ns,462.917 ns,463.258 ns,463.531 ns,"2,160,119.2",1.11,0.00,0.0000,0.0000,0.0000,0 B,342 B
SpansOut,.NET 4.6.1,False,Default,Default,Default,Default,Default,Default,111111111111,Empty,RyuJit,X64,8c5e7fda-e8bf-4a96-9a85-a6e23a8c635c,.NET 4.6.1,False,True,False,True,Default,Default,False,False,False,Default,Default,Default,Default,Default,Default,Default,1,Default,Default,Default,Default,Default,Default,Default,Default,16,Default,1003,1.5,786.468 ns,4.4442 ns,4.1571 ns,1.0734 ns,781.698 ns,783.273 ns,784.661 ns,787.998 ns,795.081 ns,"1,271,506.9",1.88,0.01,0.0000,0.0000,0.0000,0 B,533 B
ScalarOut,.NET 4.6.1,False,Default,Default,Default,Default,Default,Default,111111111111,Empty,RyuJit,X64,8c5e7fda-e8bf-4a96-9a85-a6e23a8c635c,.NET 4.6.1,False,True,False,True,Default,Default,False,False,False,Default,Default,Default,Default,Default,Default,Default,1,Default,Default,Default,Default,Default,Default,Default,Default,16,Default,1003,1.5,955.526 ns,4.3914 ns,4.1077 ns,1.0606 ns,948.349 ns,953.473 ns,954.969 ns,958.412 ns,962.007 ns,"1,046,544.5",2.28,0.01,0.0000,0.0000,0.0000,0 B,435 B
AlignedIn,.NET 4.6.1,False,Default,Default,Default,Default,Default,Default,111111111111,Empty,RyuJit,X64,8c5e7fda-e8bf-4a96-9a85-a6e23a8c635c,.NET 4.6.1,False,True,False,True,Default,Default,False,False,False,Default,Default,Default,Default,Default,Default,Default,1,Default,Default,Default,Default,Default,Default,Default,Default,16,Default,1003,1.5,576.927 ns,7.0565 ns,6.2554 ns,1.6718 ns,568.864 ns,572.777 ns,575.839 ns,579.455 ns,590.470 ns,"1,733,321.1",1.38,0.01,0.0000,0.0000,0.0000,0 B,374 B
NotAlignedOut,.NET Core 2.1,False,Default,Default,Default,Default,Default,Default,111111111111,Empty,RyuJit,X64,8c5e7fda-e8bf-4a96-9a85-a6e23a8c635c,.NET Core 2.1,False,True,False,True,Default,Default,False,False,False,Default,Default,Default,Default,Default,Default,Default,1,Default,Default,Default,Default,Default,Default,Default,Default,16,Default,1003,1.5,416.523 ns,1.6987 ns,1.5890 ns,0.4103 ns,413.804 ns,415.315 ns,416.968 ns,417.493 ns,419.285 ns,"2,400,825.6",1.00,0.00,0.0000,0.0000,0.0000,0 B,469 B
AlignedOut,.NET Core 2.1,False,Default,Default,Default,Default,Default,Default,111111111111,Empty,RyuJit,X64,8c5e7fda-e8bf-4a96-9a85-a6e23a8c635c,.NET Core 2.1,False,True,False,True,Default,Default,False,False,False,Default,Default,Default,Default,Default,Default,Default,1,Default,Default,Default,Default,Default,Default,Default,Default,16,Default,1003,1.5,415.402 ns,1.6840 ns,1.5752 ns,0.4067 ns,413.284 ns,414.184 ns,415.613 ns,416.484 ns,418.281 ns,"2,407,306.2",0.99,0.01,0.0000,0.0000,0.0000,0 B,225 B
SpansOut,.NET Core 2.1,False,Default,Default,Default,Default,Default,Default,111111111111,Empty,RyuJit,X64,8c5e7fda-e8bf-4a96-9a85-a6e23a8c635c,.NET Core 2.1,False,True,False,True,Default,Default,False,False,False,Default,Default,Default,Default,Default,Default,Default,1,Default,Default,Default,Default,Default,Default,Default,Default,16,Default,1003,1.5,358.805 ns,0.9051 ns,0.7558 ns,0.2096 ns,356.894 ns,358.687 ns,358.942 ns,359.370 ns,359.499 ns,"2,787,029.3",0.86,0.00,0.0000,0.0000,0.0000,0 B,284 B
ScalarOut,.NET Core 2.1,False,Default,Default,Default,Default,Default,Default,111111111111,Empty,RyuJit,X64,8c5e7fda-e8bf-4a96-9a85-a6e23a8c635c,.NET Core 2.1,False,True,False,True,Default,Default,False,False,False,Default,Default,Default,Default,Default,Default,Default,1,Default,Default,Default,Default,Default,Default,Default,Default,16,Default,1003,1.5,775.899 ns,5.3701 ns,4.4843 ns,1.2437 ns,767.848 ns,774.306 ns,775.949 ns,777.851 ns,784.787 ns,"1,288,827.4",1.85,0.01,0.0000,0.0000,0.0000,0 B,356 B
AlignedIn,.NET Core 2.1,False,Default,Default,Default,Default,Default,Default,111111111111,Empty,RyuJit,X64,8c5e7fda-e8bf-4a96-9a85-a6e23a8c635c,.NET Core 2.1,False,True,False,True,Default,Default,False,False,False,Default,Default,Default,Default,Default,Default,Default,1,Default,Default,Default,Default,Default,Default,Default,Default,16,Default,1003,1.5,258.127 ns,1.8765 ns,1.7553 ns,0.4532 ns,255.246 ns,256.601 ns,258.623 ns,259.107 ns,261.991 ns,"3,874,068.1",0.62,0.00,0.0000,0.0000,0.0000,0 B,197 B
NotAlignedOut,.NET Core 3.1,False,Default,Default,Default,Default,Default,Default,111111111111,Empty,RyuJit,X64,8c5e7fda-e8bf-4a96-9a85-a6e23a8c635c,.NET Core 3.1,False,True,False,True,Default,Default,False,False,False,Default,Default,Default,Default,Default,Default,Default,1,Default,Default,Default,Default,Default,Default,Default,Default,16,Default,1003,1.5,418.233 ns,1.2721 ns,1.1899 ns,0.3072 ns,415.940 ns,417.201 ns,418.534 ns,419.148 ns,420.027 ns,"2,391,009.5",1.00,0.00,0.0000,0.0000,0.0000,0 B,457 B
AlignedOut,.NET Core 3.1,False,Default,Default,Default,Default,Default,Default,111111111111,Empty,RyuJit,X64,8c5e7fda-e8bf-4a96-9a85-a6e23a8c635c,.NET Core 3.1,False,True,False,True,Default,Default,False,False,False,Default,Default,Default,Default,Default,Default,Default,1,Default,Default,Default,Default,Default,Default,Default,Default,16,Default,1003,1.5,415.020 ns,0.6226 ns,0.5199 ns,0.1442 ns,414.272 ns,414.724 ns,414.879 ns,415.004 ns,416.179 ns,"2,409,524.1",0.99,0.00,0.0000,0.0000,0.0000,0 B,220 B
SpansOut,.NET Core 3.1,False,Default,Default,Default,Default,Default,Default,111111111111,Empty,RyuJit,X64,8c5e7fda-e8bf-4a96-9a85-a6e23a8c635c,.NET Core 3.1,False,True,False,True,Default,Default,False,False,False,Default,Default,Default,Default,Default,Default,Default,1,Default,Default,Default,Default,Default,Default,Default,Default,16,Default,1003,1.5,236.673 ns,0.9152 ns,0.8561 ns,0.2210 ns,235.110 ns,236.162 ns,236.552 ns,237.189 ns,238.705 ns,"4,225,238.5",0.57,0.00,0.0000,0.0000,0.0000,0 B,277 B
ScalarOut,.NET Core 3.1,False,Default,Default,Default,Default,Default,Default,111111111111,Empty,RyuJit,X64,8c5e7fda-e8bf-4a96-9a85-a6e23a8c635c,.NET Core 3.1,False,True,False,True,Default,Default,False,False,False,Default,Default,Default,Default,Default,Default,Default,1,Default,Default,Default,Default,Default,Default,Default,Default,16,Default,1003,1.5,303.992 ns,0.9663 ns,0.9039 ns,0.2334 ns,302.942 ns,303.210 ns,303.924 ns,304.453 ns,305.883 ns,"3,289,564.7",0.73,0.00,0.0000,0.0000,0.0000,0 B,220 B
AlignedIn,.NET Core 3.1,False,Default,Default,Default,Default,Default,Default,111111111111,Empty,RyuJit,X64,8c5e7fda-e8bf-4a96-9a85-a6e23a8c635c,.NET Core 3.1,False,True,False,True,Default,Default,False,False,False,Default,Default,Default,Default,Default,Default,Default,1,Default,Default,Default,Default,Default,Default,Default,Default,16,Default,1003,1.5,245.395 ns,0.9252 ns,0.8655 ns,0.2235 ns,243.908 ns,244.961 ns,245.257 ns,245.787 ns,246.952 ns,"4,075,070.9",0.59,0.00,0.0000,0.0000,0.0000,0 B,190 B
NotAlignedOut,.NET 4.6.1,False,Default,Default,Default,Default,Default,Default,111111111111,Empty,RyuJit,X64,8c5e7fda-e8bf-4a96-9a85-a6e23a8c635c,.NET 4.6.1,False,True,False,True,Default,Default,False,False,False,Default,Default,Default,Default,Default,Default,Default,1,Default,Default,Default,Default,Default,Default,Default,Default,16,Default,100003,1.5,"46,814.254 ns",102.2666 ns,90.6567 ns,24.2290 ns,"46,683.337 ns","46,763.867 ns","46,804.639 ns","46,840.010 ns","47,002.350 ns","21,361.0",1.13,0.00,0.0000,0.0000,0.0000,0 B,587 B
AlignedOut,.NET 4.6.1,False,Default,Default,Default,Default,Default,Default,111111111111,Empty,RyuJit,X64,8c5e7fda-e8bf-4a96-9a85-a6e23a8c635c,.NET 4.6.1,False,True,False,True,Default,Default,False,False,False,Default,Default,Default,Default,Default,Default,Default,1,Default,Default,Default,Default,Default,Default,Default,Default,16,Default,100003,1.5,"48,866.382 ns",164.9799 ns,146.2503 ns,39.0870 ns,"48,701.434 ns","48,756.264 ns","48,842.313 ns","48,917.552 ns","49,169.183 ns","20,464.0",1.18,0.00,0.0000,0.0000,0.0000,0 B,342 B
SpansOut,.NET 4.6.1,False,Default,Default,Default,Default,Default,Default,111111111111,Empty,RyuJit,X64,8c5e7fda-e8bf-4a96-9a85-a6e23a8c635c,.NET 4.6.1,False,True,False,True,Default,Default,False,False,False,Default,Default,Default,Default,Default,Default,Default,1,Default,Default,Default,Default,Default,Default,Default,Default,16,Default,100003,1.5,"79,937.754 ns",274.1565 ns,256.4461 ns,66.2141 ns,"79,575.281 ns","79,751.343 ns","79,811.072 ns","80,138.623 ns","80,384.644 ns","12,509.7",1.93,0.01,0.0000,0.0000,0.0000,0 B,533 B
ScalarOut,.NET 4.6.1,False,Default,Default,Default,Default,Default,Default,111111111111,Empty,RyuJit,X64,8c5e7fda-e8bf-4a96-9a85-a6e23a8c635c,.NET 4.6.1,False,True,False,True,Default,Default,False,False,False,Default,Default,Default,Default,Default,Default,Default,1,Default,Default,Default,Default,Default,Default,Default,Default,16,Default,100003,1.5,"93,481.892 ns",286.2949 ns,253.7930 ns,67.8290 ns,"93,043.384 ns","93,340.451 ns","93,508.264 ns","93,672.437 ns","93,819.165 ns","10,697.3",2.26,0.01,0.0000,0.0000,0.0000,0 B,435 B
AlignedIn,.NET 4.6.1,False,Default,Default,Default,Default,Default,Default,111111111111,Empty,RyuJit,X64,8c5e7fda-e8bf-4a96-9a85-a6e23a8c635c,.NET 4.6.1,False,True,False,True,Default,Default,False,False,False,Default,Default,Default,Default,Default,Default,Default,1,Default,Default,Default,Default,Default,Default,Default,Default,16,Default,100003,1.5,"60,202.358 ns",132.6015 ns,124.0355 ns,32.0258 ns,"60,011.877 ns","60,123.947 ns","60,178.912 ns","60,291.537 ns","60,469.604 ns","16,610.6",1.46,0.01,0.0000,0.0000,0.0000,0 B,374 B
NotAlignedOut,.NET Core 2.1,False,Default,Default,Default,Default,Default,Default,111111111111,Empty,RyuJit,X64,8c5e7fda-e8bf-4a96-9a85-a6e23a8c635c,.NET Core 2.1,False,True,False,True,Default,Default,False,False,False,Default,Default,Default,Default,Default,Default,Default,1,Default,Default,Default,Default,Default,Default,Default,Default,16,Default,100003,1.5,"41,242.659 ns",160.2555 ns,149.9031 ns,38.7048 ns,"40,994.122 ns","41,118.921 ns","41,258.813 ns","41,340.945 ns","41,496.240 ns","24,246.7",1.00,0.00,0.0000,0.0000,0.0000,0 B,469 B
AlignedOut,.NET Core 2.1,False,Default,Default,Default,Default,Default,Default,111111111111,Empty,RyuJit,X64,8c5e7fda-e8bf-4a96-9a85-a6e23a8c635c,.NET Core 2.1,False,True,False,True,Default,Default,False,False,False,Default,Default,Default,Default,Default,Default,Default,1,Default,Default,Default,Default,Default,Default,Default,Default,16,Default,100003,1.5,"41,672.087 ns",337.7334 ns,315.9161 ns,81.5692 ns,"41,080.341 ns","41,460.474 ns","41,752.002 ns","41,818.561 ns","42,344.800 ns","23,996.9",1.01,0.01,0.0000,0.0000,0.0000,0 B,225 B
SpansOut,.NET Core 2.1,False,Default,Default,Default,Default,Default,Default,111111111111,Empty,RyuJit,X64,8c5e7fda-e8bf-4a96-9a85-a6e23a8c635c,.NET Core 2.1,False,True,False,True,Default,Default,False,False,False,Default,Default,Default,Default,Default,Default,Default,1,Default,Default,Default,Default,Default,Default,Default,Default,16,Default,100003,1.5,"37,204.436 ns",490.4693 ns,458.7853 ns,118.4578 ns,"36,703.864 ns","36,777.490 ns","37,092.682 ns","37,618.109 ns","37,956.763 ns","26,878.5",0.90,0.01,0.0000,0.0000,0.0000,0 B,284 B
ScalarOut,.NET Core 2.1,False,Default,Default,Default,Default,Default,Default,111111111111,Empty,RyuJit,X64,8c5e7fda-e8bf-4a96-9a85-a6e23a8c635c,.NET Core 2.1,False,True,False,True,Default,Default,False,False,False,Default,Default,Default,Default,Default,Default,Default,1,Default,Default,Default,Default,Default,Default,Default,Default,16,Default,100003,1.5,"79,539.708 ns",455.3849 ns,403.6868 ns,107.8898 ns,"78,591.882 ns","79,488.028 ns","79,633.453 ns","79,736.612 ns","80,073.535 ns","12,572.3",1.92,0.01,0.0000,0.0000,0.0000,0 B,356 B
AlignedIn,.NET Core 2.1,False,Default,Default,Default,Default,Default,Default,111111111111,Empty,RyuJit,X64,8c5e7fda-e8bf-4a96-9a85-a6e23a8c635c,.NET Core 2.1,False,True,False,True,Default,Default,False,False,False,Default,Default,Default,Default,Default,Default,Default,1,Default,Default,Default,Default,Default,Default,Default,Default,16,Default,100003,1.5,"32,791.747 ns",471.0885 ns,440.6565 ns,113.7770 ns,"31,985.187 ns","32,580.240 ns","32,825.677 ns","33,031.183 ns","33,569.653 ns","30,495.5",0.79,0.01,0.0000,0.0000,0.0000,0 B,197 B
NotAlignedOut,.NET Core 3.1,False,Default,Default,Default,Default,Default,Default,111111111111,Empty,RyuJit,X64,8c5e7fda-e8bf-4a96-9a85-a6e23a8c635c,.NET Core 3.1,False,True,False,True,Default,Default,False,False,False,Default,Default,Default,Default,Default,Default,Default,1,Default,Default,Default,Default,Default,Default,Default,Default,16,Default,100003,1.5,"41,312.520 ns",136.5180 ns,127.6990 ns,32.9718 ns,"41,092.181 ns","41,223.239 ns","41,343.188 ns","41,380.389 ns","41,582.642 ns","24,205.7",1.00,0.00,0.0000,0.0000,0.0000,0 B,457 B
AlignedOut,.NET Core 3.1,False,Default,Default,Default,Default,Default,Default,111111111111,Empty,RyuJit,X64,8c5e7fda-e8bf-4a96-9a85-a6e23a8c635c,.NET Core 3.1,False,True,False,True,Default,Default,False,False,False,Default,Default,Default,Default,Default,Default,Default,1,Default,Default,Default,Default,Default,Default,Default,Default,16,Default,100003,1.5,"41,444.654 ns",182.6666 ns,170.8664 ns,44.1175 ns,"41,206.262 ns","41,336.612 ns","41,418.524 ns","41,534.314 ns","41,776.868 ns","24,128.6",1.00,0.00,0.0000,0.0000,0.0000,0 B,220 B
SpansOut,.NET Core 3.1,False,Default,Default,Default,Default,Default,Default,111111111111,Empty,RyuJit,X64,8c5e7fda-e8bf-4a96-9a85-a6e23a8c635c,.NET Core 3.1,False,True,False,True,Default,Default,False,False,False,Default,Default,Default,Default,Default,Default,Default,1,Default,Default,Default,Default,Default,Default,Default,Default,16,Default,100003,1.5,"37,081.308 ns",331.3706 ns,309.9642 ns,80.0324 ns,"36,448.975 ns","37,071.103 ns","37,208.527 ns","37,245.679 ns","37,459.412 ns","26,967.8",0.90,0.01,0.0000,0.0000,0.0000,0 B,277 B
ScalarOut,.NET Core 3.1,False,Default,Default,Default,Default,Default,Default,111111111111,Empty,RyuJit,X64,8c5e7fda-e8bf-4a96-9a85-a6e23a8c635c,.NET Core 3.1,False,True,False,True,Default,Default,False,False,False,Default,Default,Default,Default,Default,Default,Default,1,Default,Default,Default,Default,Default,Default,Default,Default,16,Default,100003,1.5,"39,401.558 ns",576.9548 ns,539.6839 ns,139.3458 ns,"38,371.118 ns","39,160.773 ns","39,623.090 ns","39,721.985 ns","39,898.303 ns","25,379.7",0.95,0.01,0.0000,0.0000,0.0000,0 B,220 B
AlignedIn,.NET Core 3.1,False,Default,Default,Default,Default,Default,Default,111111111111,Empty,RyuJit,X64,8c5e7fda-e8bf-4a96-9a85-a6e23a8c635c,.NET Core 3.1,False,True,False,True,Default,Default,False,False,False,Default,Default,Default,Default,Default,Default,Default,1,Default,Default,Default,Default,Default,Default,Default,Default,16,Default,100003,1.5,"35,371.251 ns",119.5396 ns,111.8174 ns,28.8711 ns,"35,153.394 ns","35,293.494 ns","35,385.364 ns","35,453.366 ns","35,557.697 ns","28,271.5",0.86,0.00,0.0000,0.0000,0.0000,1 B,190 B
